threads_cnt,avg_t
1,140946.961700
2,120154.457300
4,93037.171800
8,54377.587100
16,28720.126800
32,43560.707800
